{"cameraMode":{"drawMode":0,"name":"Shaded","section":"Shading Mode"},"sceneLighting":false,"audioPlay":false,"sceneViewState":{"m_AlwaysRefresh":false,"showFog":false,"showSkybox":false,"showFlares":false,"showImageEffects":false,"showParticleSystems":false,"showVisualEffectGraphs":true,"m_FxEnabled":true},"in2DMode":false,"pivot":{"x":0.0018407702445983887,"y":1.0330407619476319,"z":-0.004655390977859497},"rotation":{"x":0.05096738040447235,"y":0.9241639971733093,"z":-0.1328880339860916,"w":0.35452237725257876},"size":1.4113130569458008,"orthographic":false}