{"cameraMode":{"drawMode":0,"name":"Shaded","section":"Shading Mode"},"sceneLighting":false,"audioPlay":false,"sceneViewState":{"m_AlwaysRefresh":false,"showFog":false,"showSkybox":false,"showFlares":false,"showImageEffects":false,"showParticleSystems":false,"showVisualEffectGraphs":true,"m_FxEnabled":true},"in2DMode":false,"pivot":{"x":1.1324481964111329,"y":-0.05447518825531006,"z":-2.163875102996826},"rotation":{"x":-0.012009529396891594,"y":-0.9868889451026917,"z":0.08787733316421509,"w":-0.13494336605072022},"size":1.754420280456543,"orthographic":false}