{"cameraMode":{"drawMode":0,"name":"Shaded","section":"Shading Mode"},"sceneLighting":true,"audioPlay":false,"sceneViewState":{"m_AlwaysRefresh":true,"showFog":false,"showSkybox":true,"showFlares":true,"showImageEffects":true,"showParticleSystems":true,"showVisualEffectGraphs":true,"m_FxEnabled":true},"in2DMode":false,"pivot":{"x":12.034683227539063,"y":12.38545036315918,"z":-1.7895326614379883},"rotation":{"x":0.0029418491758406164,"y":0.11910758912563324,"z":-0.0006618436891585588,"w":0.9930119514465332},"size":0.3925338387489319,"orthographic":false}